date_time,temperature,min_temp,max_temp
2020-05-03 00:00:24.608844,23.875,22.875,24.312
2020-05-03 00:01:26.447614,23.812,22.875,24.312
2020-05-03 00:02:28.208329,23.812,22.875,24.312
2020-05-03 00:03:30.048330,23.812,22.875,24.312
2020-05-03 00:04:31.888358,23.812,22.875,24.312
2020-05-03 00:05:33.728359,23.812,22.875,24.312
2020-05-03 00:06:35.568351,23.812,22.875,24.312
2020-05-03 00:07:37.408379,23.812,22.875,24.312
2020-05-03 00:08:39.248356,23.812,22.875,24.312
2020-05-03 00:09:41.088398,23.812,22.875,24.312
2020-05-03 00:10:43.728680,23.812,22.875,24.312
2020-05-03 00:11:45.568353,23.812,22.875,24.312
2020-05-03 00:12:47.408367,23.812,22.875,24.312
2020-05-03 00:13:49.248367,23.812,22.875,24.312
2020-05-03 00:14:51.088549,23.812,22.875,24.312
2020-05-03 00:15:52.852993,23.812,22.875,24.312
2020-05-03 00:16:54.688494,23.812,22.875,24.312
2020-05-03 00:17:56.528425,23.812,22.875,24.312
2020-05-03 00:18:58.369396,23.812,22.875,24.312
2020-05-03 00:20:00.208363,23.812,22.875,24.312
2020-05-03 00:21:02.048367,23.812,22.875,24.312
2020-05-03 00:22:04.767429,23.812,22.875,24.312
2020-05-03 00:23:06.608365,23.812,22.875,24.312
2020-05-03 00:24:08.448337,23.812,22.875,24.312
2020-05-03 00:25:10.288361,23.812,22.875,24.312
2020-05-03 00:26:12.128363,23.812,22.875,24.312
2020-05-03 00:27:13.968350,23.812,22.875,24.312
2020-05-03 00:28:15.807490,23.812,22.875,24.312
2020-05-03 00:29:17.648307,23.812,22.875,24.312
2020-05-03 00:30:19.488351,23.812,22.875,24.312
2020-05-03 00:31:21.327486,23.812,22.875,24.312
2020-05-03 00:32:23.168418,23.812,22.875,24.312
2020-05-03 00:33:25.008434,23.812,22.875,24.312
2020-05-03 00:34:26.847527,23.812,22.875,24.312
2020-05-03 00:35:28.608372,23.812,22.875,24.312
2020-05-03 00:36:30.448353,23.812,22.875,24.312
2020-05-03 00:37:32.207484,23.812,22.875,24.312
2020-05-03 00:38:34.928318,23.812,22.875,24.312
2020-05-03 00:39:36.768371,23.812,22.875,24.312
2020-05-03 00:40:38.608366,23.812,22.875,24.312
2020-05-03 00:41:40.448370,23.812,22.875,24.312
2020-05-03 00:42:42.288354,23.75,22.875,24.312
2020-05-03 00:43:44.128353,23.812,22.875,24.312
2020-05-03 00:44:45.968359,23.75,22.875,24.312
2020-05-03 00:45:47.808318,23.75,22.875,24.312
2020-05-03 00:46:49.648373,23.75,22.875,24.312
2020-05-03 00:47:51.408312,23.75,22.875,24.312
2020-05-03 00:48:53.248351,23.75,22.875,24.312
2020-05-03 00:49:55.088356,23.75,22.875,24.312
2020-05-03 00:50:56.848356,23.75,22.875,24.312
2020-05-03 00:51:58.688440,23.75,22.875,24.312
2020-05-03 00:53:00.528357,23.75,22.875,24.312
2020-05-03 00:54:02.368359,23.75,22.875,24.312
2020-05-03 00:55:04.208364,23.75,22.875,24.312
2020-05-03 00:56:06.048864,23.75,22.875,24.312
2020-05-03 00:57:07.888310,23.75,22.875,24.312
2020-05-03 00:58:09.728380,23.75,22.875,24.312
2020-05-03 00:59:11.568357,23.75,22.875,24.312
2020-05-03 01:00:13.408358,23.75,22.875,24.312
2020-05-03 01:01:15.248370,23.75,22.875,24.312
2020-05-03 01:02:17.088363,23.75,22.875,24.312
2020-05-03 01:03:18.848352,23.75,22.875,24.312
2020-05-03 01:04:20.688364,23.687,22.875,24.312
2020-05-03 01:05:22.608384,23.75,22.875,24.312
2020-05-03 01:06:24.368293,23.687,22.875,24.312
2020-05-03 01:07:26.208368,23.687,22.875,24.312
2020-05-03 01:08:28.048376,23.687,22.875,24.312
2020-05-03 01:09:30.768449,23.687,22.875,24.312
2020-05-03 01:10:32.607857,23.687,22.875,24.312
2020-05-03 01:11:34.448291,23.687,22.875,24.312
2020-05-03 01:12:36.288346,23.687,22.875,24.312
2020-05-03 01:13:38.127470,23.687,22.875,24.312
2020-05-03 01:14:39.968357,23.687,22.875,24.312
2020-05-03 01:15:41.808347,23.687,22.875,24.312
2020-05-03 01:16:43.648345,23.687,22.875,24.312
2020-05-03 01:17:45.488344,23.687,22.875,24.312
2020-05-03 01:18:47.328374,23.687,22.875,24.312
2020-05-03 01:19:49.168393,23.687,22.875,24.312
2020-05-03 01:20:51.012918,23.687,22.875,24.312
2020-05-03 01:21:52.848349,23.687,22.875,24.312
2020-05-03 01:22:54.688379,23.687,22.875,24.312
2020-05-03 01:23:56.448339,23.687,22.875,24.312
2020-05-03 01:24:59.167545,23.687,22.875,24.312
2020-05-03 01:26:01.888378,23.75,22.875,24.312
2020-05-03 01:27:03.728343,23.75,22.875,24.312
2020-05-03 01:28:05.568387,23.75,22.875,24.312
2020-05-03 01:29:07.408342,23.75,22.875,24.312
2020-05-03 01:30:09.248356,23.75,22.875,24.312
2020-05-03 01:31:11.088552,23.75,22.875,24.312
2020-05-03 01:32:12.928336,23.687,22.875,24.312
2020-05-03 01:33:14.768378,23.75,22.875,24.312
2020-05-03 01:34:16.608324,23.687,22.875,24.312
2020-05-03 01:35:18.448360,23.687,22.875,24.312
2020-05-03 01:36:20.288356,23.687,22.875,24.312
2020-05-03 01:37:22.128371,23.687,22.875,24.312
2020-05-03 01:38:23.968361,23.687,22.875,24.312
2020-05-03 01:39:25.808350,23.625,22.875,24.312
2020-05-03 01:40:27.648357,23.625,22.875,24.312
2020-05-03 01:41:29.488306,23.625,22.875,24.312
2020-05-03 01:42:31.328366,23.625,22.875,24.312
2020-05-03 01:43:33.168380,23.625,22.875,24.312
2020-05-03 01:44:35.008443,23.625,22.875,24.312
2020-05-03 01:45:36.848373,23.625,22.875,24.312
2020-05-03 01:46:38.688423,23.625,22.875,24.312
2020-05-03 01:47:40.528443,23.625,22.875,24.312
2020-05-03 01:48:42.368326,23.625,22.875,24.312
2020-05-03 01:49:44.128348,23.625,22.875,24.312
2020-05-03 01:50:45.968313,23.625,22.875,24.312
2020-05-03 01:51:47.888413,23.625,22.875,24.312
2020-05-03 01:52:49.648367,23.625,22.875,24.312
2020-05-03 01:53:51.488361,23.625,22.875,24.312
2020-05-03 01:54:53.328360,23.562,22.875,24.312
2020-05-03 01:55:55.168381,23.562,22.875,24.312
2020-05-03 01:56:57.008356,23.625,22.875,24.312
2020-05-03 01:57:58.847477,23.562,22.875,24.312
2020-05-03 01:59:00.608377,23.562,22.875,24.312
2020-05-03 02:00:03.328367,23.625,22.875,24.312
2020-05-03 02:01:05.167481,23.562,22.875,24.312
2020-05-03 02:02:06.928357,23.562,22.875,24.312
2020-05-03 02:03:08.768426,23.562,22.875,24.312
2020-05-03 02:04:10.608376,23.562,22.875,24.312
2020-05-03 02:05:12.448350,23.562,22.875,24.312
2020-05-03 02:06:14.288367,23.562,22.875,24.312
2020-05-03 02:07:16.127457,23.562,22.875,24.312
2020-05-03 02:08:17.968370,23.562,22.875,24.312
2020-05-03 02:09:19.808365,23.562,22.875,24.312
2020-05-03 02:10:21.647475,23.562,22.875,24.312
2020-05-03 02:11:23.488365,23.562,22.875,24.312
2020-05-03 02:12:25.328343,23.562,22.875,24.312
2020-05-03 02:13:27.167482,23.562,22.875,24.312
2020-05-03 02:14:29.008370,23.562,22.875,24.312
2020-05-03 02:15:30.848321,23.562,22.875,24.312
2020-05-03 02:16:32.688359,23.562,22.875,24.312
2020-05-03 02:17:34.528313,23.5,22.875,24.312
2020-05-03 02:18:36.368463,23.562,22.875,24.312
2020-05-03 02:19:38.127484,23.5,22.875,24.312
2020-05-03 02:20:39.968359,23.5,22.875,24.312
2020-05-03 02:21:41.808349,23.5,22.875,24.312
2020-05-03 02:22:43.647485,23.5,22.875,24.312
2020-05-03 02:23:45.488366,23.5,22.875,24.312
2020-05-03 02:24:47.328435,23.5,22.875,24.312
2020-05-03 02:25:49.167539,23.5,22.875,24.312
2020-05-03 02:26:50.928374,23.5,22.875,24.312
2020-05-03 02:27:52.768355,23.5,22.875,24.312
2020-05-03 02:28:54.607445,23.5,22.875,24.312
2020-05-03 02:29:56.448360,23.5,22.875,24.312
2020-05-03 02:30:58.288368,23.5,22.875,24.312
2020-05-03 02:32:00.128345,23.5,22.875,24.312
2020-05-03 02:33:01.968378,23.5,22.875,24.312
2020-05-03 02:34:04.688465,23.5,22.875,24.312
2020-05-03 02:35:06.528333,23.5,22.875,24.312
2020-05-03 02:36:08.368351,23.5,22.875,24.312
2020-05-03 02:37:10.207546,23.437,22.875,24.312
2020-05-03 02:38:12.048331,23.437,22.875,24.312
2020-05-03 02:39:13.888383,23.437,22.875,24.312
2020-05-03 02:40:15.727499,23.437,22.875,24.312
2020-05-03 02:41:17.568371,23.437,22.875,24.312
2020-05-03 02:42:20.288369,23.437,22.875,24.312
2020-05-03 02:43:22.128359,23.437,22.875,24.312
2020-05-03 02:44:23.968386,23.437,22.875,24.312
2020-05-03 02:45:25.808353,23.437,22.875,24.312
2020-05-03 02:46:27.648319,23.437,22.875,24.312
2020-05-03 02:47:29.488680,23.437,22.875,24.312
2020-05-03 02:48:31.328375,23.437,22.875,24.312
2020-05-03 02:49:33.168366,23.437,22.875,24.312
2020-05-03 02:50:35.008374,23.437,22.875,24.312
2020-05-03 02:51:36.848314,23.437,22.875,24.312
2020-05-03 02:52:38.688356,23.437,22.875,24.312
2020-05-03 02:53:40.528346,23.437,22.875,24.312
2020-05-03 02:54:42.368329,23.437,22.875,24.312
2020-05-03 02:55:44.208364,23.437,22.875,24.312
2020-05-03 02:56:46.048364,23.375,22.875,24.312
2020-05-03 02:57:47.888384,23.375,22.875,24.312
2020-05-03 02:58:49.728319,23.375,22.875,24.312
2020-05-03 02:59:51.568370,23.375,22.875,24.312
2020-05-03 03:00:53.408366,23.375,22.875,24.312
2020-05-03 03:01:55.248350,23.375,22.875,24.312
2020-05-03 03:02:57.088356,23.375,22.875,24.312
2020-05-03 03:03:58.848417,23.375,22.875,24.312
2020-05-03 03:05:00.688375,23.375,22.875,24.312
2020-05-03 03:06:02.528359,23.375,22.875,24.312
2020-05-03 03:07:04.288727,23.375,22.875,24.312
2020-05-03 03:08:06.133975,23.375,22.875,24.312
2020-05-03 03:09:07.968445,23.375,22.875,24.312
2020-05-03 03:10:09.808378,23.375,22.875,24.312
2020-05-03 03:11:11.648442,23.375,22.875,24.312
2020-05-03 03:12:13.488438,23.375,22.875,24.312
2020-05-03 03:13:15.328427,23.375,22.875,24.312
2020-05-03 03:14:17.168598,23.375,22.875,24.312
2020-05-03 03:15:19.008319,23.375,22.875,24.312
2020-05-03 03:16:20.848392,23.375,22.875,24.312
2020-05-03 03:17:22.608329,23.375,22.875,24.312
2020-05-03 03:18:24.448386,23.375,22.875,24.312
2020-05-03 03:19:26.288361,23.375,22.875,24.312
2020-05-03 03:20:28.128339,23.375,22.875,24.312
2020-05-03 03:21:29.968376,23.375,22.875,24.312
2020-05-03 03:22:31.808363,23.375,22.875,24.312
2020-05-03 03:23:33.648368,23.375,22.875,24.312
2020-05-03 03:24:35.488339,23.375,22.875,24.312
2020-05-03 03:25:37.328357,23.375,22.875,24.312
2020-05-03 03:26:39.168382,23.312,22.875,24.312
2020-05-03 03:27:41.008360,23.375,22.875,24.312
2020-05-03 03:28:42.848357,23.312,22.875,24.312
2020-05-03 03:29:44.728415,23.375,22.875,24.312
2020-05-03 03:30:46.608377,23.375,22.875,24.312
2020-05-03 03:31:48.368341,23.375,22.875,24.312
2020-05-03 03:32:50.208357,23.375,22.875,24.312
2020-05-03 03:33:52.048388,23.375,22.875,24.312
2020-05-03 03:34:53.888318,23.375,22.875,24.312
2020-05-03 03:35:55.728362,23.375,22.875,24.312
2020-05-03 03:36:57.568370,23.312,22.875,24.312
2020-05-03 03:38:00.288329,23.312,22.875,24.312
2020-05-03 03:39:02.128431,23.25,22.875,24.312
2020-05-03 03:40:03.973243,23.187,22.875,24.312
2020-05-03 03:41:05.808379,23.187,22.875,24.312
2020-05-03 03:42:07.648365,23.187,22.875,24.312
2020-05-03 03:43:09.488373,23.125,22.875,24.312
2020-05-03 03:44:11.328361,23.125,22.875,24.312
2020-05-03 03:45:13.168340,0.0,0.0,24.312
2020-05-03 03:46:15.008368,23.125,0.0,24.312
2020-05-03 03:47:16.848351,23.125,0.0,24.312
2020-05-03 03:48:18.608359,23.125,0.0,24.312
2020-05-03 03:49:20.448353,23.125,0.0,24.312
                                             2020-05-03 03:55:43.383053,23.125,23.125,23.125
2020-05-03 03:56:45.223474,23.125,23.125,23.125
2020-05-03 03:57:47.063398,23.125,23.125,23.125
2020-05-03 03:58:48.903422,23.125,23.125,23.125
2020-05-03 03:59:50.743456,23.125,23.125,23.125
2020-05-03 04:00:52.583399,23.125,23.125,23.125
2020-05-03 04:01:54.423399,23.125,23.125,23.125
2020-05-03 04:02:56.263391,23.125,23.125,23.125
2020-05-03 04:03:58.103416,23.125,23.125,23.125
2020-05-03 04:04:59.943234,23.125,23.125,23.125
2020-05-03 04:06:01.782534,23.125,23.125,23.125
2020-05-03 04:07:03.583241,23.125,23.125,23.125
2020-05-03 04:08:05.463560,23.125,23.125,23.125
2020-05-03 04:09:07.383228,23.125,23.125,23.125
2020-05-03 04:10:09.223304,23.125,23.125,23.125
2020-05-03 04:11:11.063238,23.125,23.125,23.125
2020-05-03 04:12:12.903228,23.062,23.062,23.125
2020-05-03 04:13:14.743345,23.062,23.062,23.125
2020-05-03 04:14:16.583225,23.062,23.062,23.125
2020-05-03 04:15:18.423227,23.062,23.062,23.125
2020-05-03 04:16:20.263239,23.062,23.062,23.125
2020-05-03 04:17:22.023241,23.062,23.062,23.125
2020-05-03 04:18:23.868487,23.062,23.062,23.125
2020-05-03 04:19:25.703482,23.062,23.062,23.125
2020-05-03 04:20:28.423483,23.062,23.062,23.125
2020-05-03 04:21:31.143536,23.062,23.062,23.125
2020-05-03 04:22:32.983486,23.062,23.062,23.125
2020-05-03 04:23:34.743433,23.062,23.062,23.125
2020-05-03 04:24:37.468625,23.062,23.062,23.125
2020-05-03 04:25:39.303468,23.062,23.062,23.125
2020-05-03 04:26:41.177380,23.062,23.062,23.125
2020-05-03 04:27:42.983592,23.062,23.062,23.125
2020-05-03 04:28:45.623519,23.062,23.062,23.125
2020-05-03 04:29:47.462722,23.062,23.062,23.125
2020-05-03 04:30:50.183484,23.062,23.062,23.125
2020-05-03 04:31:52.023468,23.062,23.062,23.125
2020-05-03 04:32:53.863512,23.062,23.062,23.125
2020-05-03 04:33:56.505821,23.125,23.062,23.125
2020-05-03 04:34:58.263446,23.125,23.062,23.125
2020-05-03 04:36:00.022684,23.125,23.062,23.125
2020-05-03 04:37:01.782703,23.062,23.062,23.125
2020-05-03 04:38:03.543509,23.125,23.062,23.125
2020-05-03 04:39:05.382712,23.062,23.062,23.125
2020-05-03 04:40:07.223682,23.062,23.062,23.125
2020-05-03 04:41:09.065874,23.062,23.062,23.125
2020-05-03 04:42:10.904292,23.062,23.062,23.125
2020-05-03 04:43:12.663556,23.062,23.062,23.125
2020-05-03 04:44:14.423484,23.0,23.0,23.125
2020-05-03 04:45:16.262666,23.0,23.0,23.125
2020-05-03 04:46:18.103518,23.0,23.0,23.125
2020-05-03 04:47:19.943526,23.0,23.0,23.125
2020-05-03 04:48:21.784632,23.0,23.0,23.125
2020-05-03 04:49:25.305915,23.062,23.0,23.125
2020-05-03 04:50:27.142742,23.0,23.0,23.125
2020-05-03 04:51:28.982663,23.0,23.0,23.125
2020-05-03 04:52:31.713283,23.0,23.0,23.125
2020-05-03 04:53:33.543480,23.0,23.0,23.125
2020-05-03 04:54:35.382957,23.0,23.0,23.125
2020-05-03 04:55:37.222875,23.0,23.0,23.125
2020-05-03 04:56:39.062738,23.0,23.0,23.125
2020-05-03 04:57:40.903473,23.0,23.0,23.125
2020-05-03 04:58:43.623473,22.937,22.937,23.125
2020-05-03 04:59:46.347754,22.937,22.937,23.125
2020-05-03 05:00:48.182697,22.937,22.937,23.125
2020-05-03 05:01:50.026825,22.937,22.937,23.125
2020-05-03 05:02:52.742773,22.937,22.937,23.125
2020-05-03 05:03:54.583521,22.937,22.937,23.125
2020-05-03 05:04:56.425865,22.875,22.875,23.125
2020-05-03 05:05:58.263529,22.875,22.875,23.125
                                                2020-05-03 05:09:31.782685,22.937,22.937,22.937
2020-05-03 05:10:33.622418,22.937,22.937,22.937
2020-05-03 05:11:35.477584,22.937,22.937,22.937
2020-05-03 05:12:37.302406,22.937,22.937,22.937
2020-05-03 05:13:40.023124,22.937,22.937,22.937
2020-05-03 05:14:42.743176,22.937,22.937,22.937
2020-05-03 05:15:44.583125,22.875,22.875,22.937
2020-05-03 05:16:47.222388,22.875,22.875,22.937
2020-05-03 05:17:49.072024,22.875,22.875,22.937
2020-05-03 05:18:50.904621,22.875,22.875,22.937
2020-05-03 05:19:52.743075,22.812,22.812,22.937
2020-05-03 05:20:55.502971,22.812,22.812,22.937
2020-05-03 05:21:57.382378,22.812,22.812,22.937
2020-05-03 05:23:00.263200,22.812,22.812,22.937
2020-05-03 05:24:02.102404,22.812,22.812,22.937
2020-05-03 05:25:03.945493,22.812,22.812,22.937
2020-05-03 05:26:05.783140,22.812,22.812,22.937
2020-05-03 05:27:07.622380,22.812,22.812,22.937
2020-05-03 05:28:09.463119,22.812,22.812,22.937
2020-05-03 05:29:11.303141,22.812,22.812,22.937
2020-05-03 05:30:13.062464,22.812,22.812,22.937
2020-05-03 05:31:14.903086,22.75,22.75,22.937
2020-05-03 05:32:16.745492,22.75,22.75,22.937
2020-05-03 05:33:18.583871,22.75,22.75,22.937
2020-05-03 05:34:20.423039,22.812,22.75,22.937
2020-05-03 05:35:22.263117,22.812,22.75,22.937
2020-05-03 05:36:24.983125,22.75,22.75,22.937
2020-05-03 05:37:26.823172,22.75,22.75,22.937
2020-05-03 05:38:29.542344,22.75,22.75,22.937
2020-05-03 05:39:31.383183,22.75,22.75,22.937
2020-05-03 05:40:33.227840,22.75,22.75,22.937
2020-05-03 05:41:35.062906,22.75,22.75,22.937
2020-05-03 05:42:37.782377,22.75,22.75,22.937
2020-05-03 05:43:41.387316,22.75,22.75,22.937
2020-05-03 05:44:44.103176,22.75,22.75,22.937
2020-05-03 05:45:45.951376,22.75,22.75,22.937
2020-05-03 05:46:47.785841,22.75,22.75,22.937
2020-05-03 05:47:49.625737,22.75,22.75,22.937
2020-05-03 05:48:51.462364,22.687,22.687,22.937
2020-05-03 05:49:53.303170,22.687,22.687,22.937
2020-05-03 05:50:55.143149,22.75,22.687,22.937
2020-05-03 05:51:57.075932,22.687,22.687,22.937
2020-05-03 05:52:59.787235,22.687,22.687,22.937
2020-05-03 05:54:01.622382,22.687,22.687,22.937
2020-05-03 05:55:03.465449,22.687,22.687,22.937
2020-05-03 05:56:05.303151,22.687,22.687,22.937
2020-05-03 05:57:07.143219,22.687,22.687,22.937
2020-05-03 05:58:08.983289,22.687,22.687,22.937
2020-05-03 05:59:10.823171,22.687,22.687,22.937
2020-05-03 06:00:12.583186,22.687,22.687,22.937
2020-05-03 06:01:14.423136,22.687,22.687,22.937
2020-05-03 06:02:16.183102,22.687,22.687,22.937
2020-05-03 06:03:18.023255,22.687,22.687,22.937
2020-05-03 06:04:20.825588,22.687,22.687,22.937
2020-05-03 06:05:22.665520,22.625,22.625,22.937
2020-05-03 06:06:24.502360,22.625,22.625,22.937
2020-05-03 06:07:27.173754,22.625,22.625,22.937
2020-05-03 06:08:28.983174,22.625,22.625,22.937
2020-05-03 06:09:30.823172,22.625,22.625,22.937
2020-05-03 06:10:32.583134,22.625,22.625,22.937
2020-05-03 06:11:34.423158,22.625,22.625,22.937
2020-05-03 06:12:36.263267,22.625,22.625,22.937
2020-05-03 06:13:38.103188,22.625,22.625,22.937
2020-05-03 06:14:39.943145,22.625,22.625,22.937
2020-05-03 06:15:41.783180,22.625,22.625,22.937
2020-05-03 06:16:44.503188,22.625,22.625,22.937
2020-05-03 06:17:47.143096,22.625,22.625,22.937
2020-05-03 06:18:48.983176,22.625,22.625,22.937
2020-05-03 06:19:50.825714,22.562,22.562,22.937
2020-05-03 06:20:52.583175,22.562,22.562,22.937
2020-05-03 06:21:54.423179,22.562,22.562,22.937
2020-05-03 06:22:57.143897,22.562,22.562,22.937
2020-05-03 06:23:58.985706,22.562,22.562,22.937
2020-05-03 06:25:00.828928,22.562,22.562,22.937
2020-05-03 06:26:02.662346,22.562,22.562,22.937
2020-05-03 06:27:04.503150,22.562,22.562,22.937
2020-05-03 06:28:06.266985,22.562,22.562,22.937
2020-05-03 06:29:08.182308,22.562,22.562,22.937
2020-05-03 06:30:10.023165,22.562,22.562,22.937
2020-05-03 06:31:11.863205,22.562,22.562,22.937
2020-05-03 06:32:13.702393,22.5,22.5,22.937
2020-05-03 06:33:15.465497,22.562,22.5,22.937
2020-05-03 06:34:17.303127,22.5,22.5,22.937
2020-05-03 06:35:19.943116,22.5,22.5,22.937
2020-05-03 06:36:21.862359,22.5,22.5,22.937
2020-05-03 06:37:23.708987,22.5,22.5,22.937
2020-05-03 06:38:25.543185,22.5,22.5,22.937
2020-05-03 06:39:27.383180,22.5,22.5,22.937
2020-05-03 06:40:30.102347,22.5,22.5,22.937
2020-05-03 06:41:31.943170,22.5,22.5,22.937
2020-05-03 06:42:33.783117,22.5,22.5,22.937
2020-05-03 06:43:35.622389,22.5,22.5,22.937
2020-05-03 06:44:37.383159,22.437,22.437,22.937
2020-05-03 06:45:39.223207,22.5,22.437,22.937
2020-05-03 06:46:41.062345,22.437,22.437,22.937
2020-05-03 06:47:42.903113,22.437,22.437,22.937
2020-05-03 06:48:47.383159,22.5,22.437,22.937
2020-05-03 06:49:49.303110,22.437,22.437,22.937
2020-05-03 06:50:51.145695,22.437,22.437,22.937
2020-05-03 06:51:52.983187,22.437,22.437,22.937
2020-05-03 06:52:54.743085,22.437,22.437,22.937
2020-05-03 06:53:56.587797,22.437,22.437,22.937
2020-05-03 06:54:58.423110,22.437,22.437,22.937
2020-05-03 06:56:00.271945,22.437,22.437,22.937
2020-05-03 06:57:02.027653,22.437,22.437,22.937
2020-05-03 06:58:03.879156,22.437,22.437,22.937
2020-05-03 06:59:05.705457,22.437,22.437,22.937
2020-05-03 07:00:07.543151,22.437,22.437,22.937
2020-05-03 07:01:09.303766,22.375,22.375,22.937
2020-05-03 07:02:11.143128,22.375,22.375,22.937
2020-05-03 07:03:14.743180,22.437,22.375,22.937
2020-05-03 07:04:16.503073,22.375,22.375,22.937
2020-05-03 07:05:18.343154,22.375,22.375,22.937
2020-05-03 07:06:20.103180,22.375,22.375,22.937
2020-05-03 07:07:21.943141,22.375,22.375,22.937
2020-05-03 07:08:23.787403,22.375,22.375,22.937
2020-05-03 07:09:25.543144,22.375,22.375,22.937
2020-05-03 07:10:27.385714,22.375,22.375,22.937
2020-05-03 07:11:29.223188,22.375,22.375,22.937
2020-05-03 07:12:31.063142,22.375,22.375,22.937
2020-05-03 07:13:32.905593,22.375,22.375,22.937
2020-05-03 07:14:34.743141,22.312,22.312,22.937
2020-05-03 07:15:36.503252,22.312,22.312,22.937
2020-05-03 07:16:39.223182,22.312,22.312,22.937
2020-05-03 07:17:40.982358,22.312,22.312,22.937
2020-05-03 07:18:42.823103,22.312,22.312,22.937
2020-05-03 07:19:44.663130,22.312,22.312,22.937
2020-05-03 07:20:46.505721,22.312,22.312,22.937
2020-05-03 07:21:48.265655,22.312,22.312,22.937
2020-05-03 07:22:50.023159,22.312,22.312,22.937
2020-05-03 07:23:51.862359,22.312,22.312,22.937
2020-05-03 07:24:53.703109,22.312,22.312,22.937
2020-05-03 07:25:55.543180,22.312,22.312,22.937
2020-05-03 07:26:57.389504,22.312,22.312,22.937
2020-05-03 07:27:59.225681,22.25,22.25,22.937
2020-05-03 07:29:01.063197,22.25,22.25,22.937
2020-05-03 07:30:02.982341,22.25,22.25,22.937
2020-05-03 07:31:04.823197,22.25,22.25,22.937
2020-05-03 07:32:06.663226,22.25,22.25,22.937
2020-05-03 07:33:08.502360,22.25,22.25,22.937
2020-05-03 07:34:11.223143,22.25,22.25,22.937
2020-05-03 07:35:13.063184,22.25,22.25,22.937
2020-05-03 07:36:14.983124,22.25,22.25,22.937
2020-05-03 07:37:16.743184,22.25,22.25,22.937
2020-05-03 07:38:18.583161,22.25,22.25,22.937
2020-05-03 07:39:20.423201,22.25,22.25,22.937
2020-05-03 07:40:22.263140,22.25,22.25,22.937
2020-05-03 07:41:24.103136,22.25,22.25,22.937
2020-05-03 07:42:25.945738,22.187,22.187,22.937
2020-05-03 07:43:28.663106,22.187,22.187,22.937
2020-05-03 07:44:30.502366,22.187,22.187,22.937
2020-05-03 07:45:33.223145,22.187,22.187,22.937
2020-05-03 07:46:34.985659,22.187,22.187,22.937
2020-05-03 07:47:36.823263,22.187,22.187,22.937
2020-05-03 07:48:38.583136,22.187,22.187,22.937
2020-05-03 07:49:40.347727,22.187,22.187,22.937
2020-05-03 07:50:42.183402,22.187,22.187,22.937
2020-05-03 07:51:44.023138,22.187,22.187,22.937
2020-05-03 07:52:45.863132,22.187,22.187,22.937
2020-05-03 07:53:48.623781,22.187,22.187,22.937
2020-05-03 07:54:51.383173,22.187,22.187,22.937
2020-05-03 07:55:54.103110,22.187,22.187,22.937
2020-05-03 07:56:55.945682,22.187,22.187,22.937
2020-05-03 07:57:57.702311,22.187,22.187,22.937
2020-05-03 07:58:59.543160,22.125,22.125,22.937
2020-05-03 08:00:01.382390,22.125,22.125,22.937
2020-05-03 08:01:03.222359,22.125,22.125,22.937
2020-05-03 08:02:04.983139,22.125,22.125,22.937
2020-05-03 08:03:07.623154,22.125,22.125,22.937
2020-05-03 08:04:09.383109,22.125,22.125,22.937
2020-05-03 08:05:11.223183,22.125,22.125,22.937
2020-05-03 08:06:13.065738,22.125,22.125,22.937
2020-05-03 08:07:14.903122,22.125,22.125,22.937
2020-05-03 08:08:17.623159,22.125,22.125,22.937
2020-05-03 08:09:19.462291,22.125,22.125,22.937
2020-05-03 08:10:21.225762,22.125,22.125,22.937
2020-05-03 08:11:23.065820,22.125,22.125,22.937
2020-05-03 08:12:24.822405,22.125,22.125,22.937
2020-05-03 08:13:27.543139,22.125,22.125,22.937
2020-05-03 08:14:31.063149,22.125,22.125,22.937
2020-05-03 08:15:32.903126,22.062,22.062,22.937
2020-05-03 08:16:34.743182,22.062,22.062,22.937
2020-05-03 08:17:36.585630,22.062,22.062,22.937
2020-05-03 08:18:38.423149,22.062,22.062,22.937
2020-05-03 08:19:40.263142,22.062,22.062,22.937
2020-05-03 08:20:42.103180,22.062,22.062,22.937
2020-05-03 08:21:43.943162,22.062,22.062,22.937
2020-05-03 08:22:45.785210,22.062,22.062,22.937
2020-05-03 08:23:47.623150,22.062,22.062,22.937
2020-05-03 08:24:49.465497,22.062,22.062,22.937
2020-05-03 08:25:51.223142,22.062,22.062,22.937
2020-05-03 08:26:53.063154,22.062,22.062,22.937
2020-05-03 08:27:54.905751,22.062,22.062,22.937
2020-05-03 08:28:56.745772,22.062,22.062,22.937
2020-05-03 08:29:58.505824,22.0,22.0,22.937
2020-05-03 08:31:01.142358,22.062,22.0,22.937
2020-05-03 08:32:02.988087,22.0,22.0,22.937
2020-05-03 08:33:04.743106,22.0,22.0,22.937
2020-05-03 08:34:06.583175,22.0,22.0,22.937
2020-05-03 08:35:08.423184,22.0,22.0,22.937
2020-05-03 08:36:10.265519,22.0,22.0,22.937
2020-05-03 08:37:12.912792,22.0,22.0,22.937
2020-05-03 08:38:14.743140,22.0,22.0,22.937
2020-05-03 08:39:16.503142,22.0,22.0,22.937
2020-05-03 08:40:19.223274,22.0,22.0,22.937
2020-05-03 08:41:21.063146,22.0,22.0,22.937
2020-05-03 08:42:22.903142,22.0,22.0,22.937
2020-05-03 08:43:24.743276,22.0,22.0,22.937
2020-05-03 08:44:27.463100,22.0,22.0,22.937
2020-05-03 08:45:29.303103,21.937,21.937,22.937
2020-05-03 08:46:31.143162,21.937,21.937,22.937
2020-05-03 08:47:33.863136,21.937,21.937,22.937
2020-05-03 08:48:35.702535,21.937,21.937,22.937
2020-05-03 08:49:38.423191,21.937,21.937,22.937
2020-05-03 08:50:40.263146,21.937,21.937,22.937
2020-05-03 08:51:42.107303,21.937,21.937,22.937
2020-05-03 08:52:43.863146,21.937,21.937,22.937
2020-05-03 08:53:45.623168,21.937,21.937,22.937
2020-05-03 08:54:47.503219,21.937,21.937,22.937
2020-05-03 08:55:49.303085,21.937,21.937,22.937
2020-05-03 08:56:51.065550,21.937,21.937,22.937
2020-05-03 08:57:52.902359,21.937,21.937,22.937
2020-05-03 08:58:54.823154,21.937,21.937,22.937
2020-05-03 08:59:56.663167,21.937,21.937,22.937
2020-05-03 09:00:58.503170,21.937,21.937,22.937
2020-05-03 09:02:00.343152,21.937,21.937,22.937
2020-05-03 09:03:02.183182,21.937,21.937,22.937
2020-05-03 09:04:03.942355,21.937,21.937,22.937
2020-05-03 09:05:05.783157,21.937,21.937,22.937
2020-05-03 09:06:08.423156,21.937,21.937,22.937
2020-05-03 09:07:10.265528,21.937,21.937,22.937
2020-05-03 09:08:12.023217,21.937,21.937,22.937
2020-05-03 09:09:13.783213,21.937,21.937,22.937
2020-05-03 09:10:15.543150,21.937,21.937,22.937
2020-05-03 09:11:17.383192,21.875,21.875,22.937
2020-05-03 09:12:19.223319,21.875,21.875,22.937
2020-05-03 09:13:21.063167,21.875,21.875,22.937
2020-05-03 09:14:22.909565,21.875,21.875,22.937
2020-05-03 09:15:24.745232,21.875,21.875,22.937
2020-05-03 09:16:26.663141,21.875,21.875,22.937
2020-05-03 09:17:28.503145,21.875,21.875,22.937
2020-05-03 09:18:30.345449,21.875,21.875,22.937
2020-05-03 09:19:32.187294,21.875,21.875,22.937
2020-05-03 09:20:34.023168,21.875,21.875,22.937
2020-05-03 09:21:37.623192,21.875,21.875,22.937
2020-05-03 09:22:39.463114,21.875,21.875,22.937
2020-05-03 09:23:41.305485,21.875,21.875,22.937
2020-05-03 09:24:43.145546,21.875,21.875,22.937
2020-05-03 09:25:45.863186,21.875,21.875,22.937
2020-05-03 09:26:47.702390,21.875,21.875,22.937
2020-05-03 09:27:49.545569,21.875,21.875,22.937
2020-05-03 09:28:51.305776,21.875,21.875,22.937
2020-05-03 09:29:53.062354,21.875,21.875,22.937
2020-05-03 09:30:54.823180,21.875,21.875,22.937
2020-05-03 09:31:56.663163,21.875,21.875,22.937
2020-05-03 09:32:58.502337,21.875,21.875,22.937
2020-05-03 09:34:00.267558,21.875,21.875,22.937
2020-05-03 09:35:02.903136,21.875,21.875,22.937
2020-05-03 09:36:04.743138,21.875,21.875,22.937
2020-05-03 09:37:06.583182,21.875,21.875,22.937
2020-05-03 09:38:08.345777,21.812,21.812,22.937
2020-05-03 09:39:11.063248,21.812,21.812,22.937
2020-05-03 09:40:12.903139,21.812,21.812,22.937
2020-05-03 09:41:14.742361,21.812,21.812,22.937
2020-05-03 09:42:17.463161,21.812,21.812,22.937
2020-05-03 09:43:19.223169,21.812,21.812,22.937
2020-05-03 09:44:21.863163,21.812,21.812,22.937
2020-05-03 09:45:23.623081,21.812,21.812,22.937
2020-05-03 09:46:25.462338,21.812,21.812,22.937
2020-05-03 09:47:27.303162,21.812,21.812,22.937
2020-05-03 09:48:29.063146,21.812,21.812,22.937
2020-05-03 09:49:30.915657,21.812,21.812,22.937
2020-05-03 09:50:34.503176,21.875,21.812,22.937
2020-05-03 09:51:36.263272,21.812,21.812,22.937
2020-05-03 09:52:38.103204,21.812,21.812,22.937
2020-05-03 09:53:40.743195,21.812,21.812,22.937
2020-05-03 09:54:42.583159,21.812,21.812,22.937
2020-05-03 09:55:44.425454,21.812,21.812,22.937
2020-05-03 09:56:46.263150,21.812,21.812,22.937
2020-05-03 09:57:48.105465,21.812,21.812,22.937
2020-05-03 09:58:50.823125,21.812,21.812,22.937
2020-05-03 09:59:52.583221,21.812,21.812,22.937
2020-05-03 10:00:54.423207,21.812,21.812,22.937
2020-05-03 10:01:56.303088,21.812,21.812,22.937
2020-05-03 10:02:58.102358,21.812,21.812,22.937
2020-05-03 10:04:00.823204,21.812,21.812,22.937
2020-05-03 10:05:02.583147,21.812,21.812,22.937
2020-05-03 10:06:04.423193,21.812,21.812,22.937
2020-05-03 10:07:07.147477,21.812,21.812,22.937
2020-05-03 10:08:09.863244,21.812,21.812,22.937
2020-05-03 10:09:11.703221,21.812,21.812,22.937
2020-05-03 10:10:13.467708,21.812,21.812,22.937
2020-05-03 10:11:15.224023,21.812,21.812,22.937
2020-05-03 10:12:17.863101,21.812,21.812,22.937
2020-05-03 10:13:19.623195,21.812,21.812,22.937
2020-05-03 10:14:21.383174,21.75,21.75,22.937
2020-05-03 10:15:23.223185,21.812,21.75,22.937
2020-05-03 10:16:24.983199,21.812,21.75,22.937
2020-05-03 10:17:26.823134,21.75,21.75,22.937
2020-05-03 10:18:28.584080,21.75,21.75,22.937
2020-05-03 10:19:31.222361,21.75,21.75,22.937
2020-05-03 10:20:33.948636,21.812,21.75,22.937
2020-05-03 10:21:35.703166,21.75,21.75,22.937
2020-05-03 10:22:37.543099,21.75,21.75,22.937
2020-05-03 10:23:39.303188,21.75,21.75,22.937
2020-05-03 10:24:41.063157,21.812,21.75,22.937
2020-05-03 10:25:42.903154,21.75,21.75,22.937
2020-05-03 10:26:44.751092,21.812,21.75,22.937
2020-05-03 10:27:46.583169,21.812,21.75,22.937
2020-05-03 10:28:49.223140,21.812,21.75,22.937
2020-05-03 10:29:51.065533,21.812,21.75,22.937
2020-05-03 10:30:52.823121,21.75,21.75,22.937
2020-05-03 10:31:54.583162,21.75,21.75,22.937
2020-05-03 10:32:56.427479,21.75,21.75,22.937
2020-05-03 10:33:58.263303,21.75,21.75,22.937
2020-05-03 10:35:00.103147,21.75,21.75,22.937
2020-05-03 10:36:01.943191,21.75,21.75,22.937
2020-05-03 10:37:03.783224,21.75,21.75,22.937
2020-05-03 10:38:07.386536,21.75,21.75,22.937
2020-05-03 10:39:09.224391,21.75,21.75,22.937
2020-05-03 10:40:11.063143,21.75,21.75,22.937
2020-05-03 10:41:12.823152,21.75,21.75,22.937
2020-05-03 10:42:14.583133,21.75,21.75,22.937
2020-05-03 10:43:16.345895,21.75,21.75,22.937
2020-05-03 10:44:19.063166,21.75,21.75,22.937
2020-05-03 10:45:20.903154,21.687,21.687,22.937
2020-05-03 10:46:23.625472,21.75,21.687,22.937
2020-05-03 10:47:25.383199,21.687,21.687,22.937
2020-05-03 10:48:28.103175,21.687,21.687,22.937
2020-05-03 10:49:29.943268,21.687,21.687,22.937
2020-05-03 10:50:32.583202,21.687,21.687,22.937
2020-05-03 10:51:34.423147,21.687,21.687,22.937
2020-05-03 10:52:36.267847,21.687,21.687,22.937
2020-05-03 10:53:38.025509,21.687,21.687,22.937
2020-05-03 10:54:39.783134,21.687,21.687,22.937
2020-05-03 10:55:41.623262,21.687,21.687,22.937
2020-05-03 10:56:43.463177,21.687,21.687,22.937
2020-05-03 10:57:45.225773,21.687,21.687,22.937
2020-05-03 10:58:47.942346,21.687,21.687,22.937
2020-05-03 10:59:49.703185,21.687,21.687,22.937
2020-05-03 11:00:51.545312,21.687,21.687,22.937
2020-05-03 11:01:53.302368,21.687,21.687,22.937
2020-05-03 11:02:55.943217,21.687,21.687,22.937
2020-05-03 11:03:57.783165,21.687,21.687,22.937
2020-05-03 11:05:01.302359,21.687,21.687,22.937
2020-05-03 11:06:03.063545,21.625,21.625,22.937
2020-05-03 11:07:04.903140,21.625,21.625,22.937
2020-05-03 11:08:06.743129,21.625,21.625,22.937
2020-05-03 11:09:08.583134,21.625,21.625,22.937
2020-05-03 11:10:11.303122,21.625,21.625,22.937
2020-05-03 11:11:13.146924,21.625,21.625,22.937
2020-05-03 11:12:14.982358,21.625,21.625,22.937
2020-05-03 11:13:18.503078,21.625,21.625,22.937
2020-05-03 11:14:20.262355,21.625,21.625,22.937
2020-05-03 11:15:22.105438,21.625,21.625,22.937
2020-05-03 11:16:23.863131,21.625,21.625,22.937
2020-05-03 11:17:25.626537,21.625,21.625,22.937
2020-05-03 11:18:27.463164,21.625,21.625,22.937
2020-05-03 11:19:29.223184,21.562,21.562,22.937
2020-05-03 11:20:31.063939,21.562,21.562,22.937
2020-05-03 11:21:32.825276,21.562,21.562,22.937
2020-05-03 11:22:36.350454,21.562,21.562,22.937
2020-05-03 11:23:39.066106,21.562,21.562,22.937
2020-05-03 11:24:40.903152,21.562,21.562,22.937
2020-05-03 11:25:43.625552,21.562,21.562,22.937
2020-05-03 11:26:45.386845,21.562,21.562,22.937
2020-05-03 11:27:47.223951,21.562,21.562,22.937
2020-05-03 11:28:49.063179,21.562,21.562,22.937
2020-05-03 11:29:51.783190,21.562,21.562,22.937
2020-05-03 11:30:53.625748,21.562,21.562,22.937
2020-05-03 11:31:55.383154,21.562,21.562,22.937
2020-05-03 11:32:57.223199,21.562,21.562,22.937
2020-05-03 11:33:59.063113,21.562,21.562,22.937
2020-05-03 11:35:00.903196,21.562,21.562,22.937
2020-05-03 11:36:02.743145,21.562,21.562,22.937
2020-05-03 11:37:05.463114,21.562,21.562,22.937
2020-05-03 11:38:07.225823,21.562,21.562,22.937
2020-05-03 11:39:09.064187,21.562,21.562,22.937
2020-05-03 11:40:10.903195,21.562,21.562,22.937
2020-05-03 11:41:12.747650,21.562,21.562,22.937
2020-05-03 11:42:15.463136,21.562,21.562,22.937
2020-05-03 11:43:17.305746,21.562,21.562,22.937
2020-05-03 11:44:19.942345,21.562,21.562,22.937
2020-05-03 11:45:22.663192,21.562,21.562,22.937
2020-05-03 11:46:24.503571,21.562,21.562,22.937
2020-05-03 11:47:26.265782,21.5,21.5,22.937
2020-05-03 11:48:28.023203,21.5,21.5,22.937
2020-05-03 11:49:30.742352,21.5,21.5,22.937
2020-05-03 11:50:33.543181,21.5,21.5,22.937
2020-05-03 11:51:35.383146,21.5,21.5,22.937
2020-05-03 11:52:38.983126,21.5,21.5,22.937
2020-05-03 11:53:40.828882,21.5,21.5,22.937
2020-05-03 11:54:42.583137,21.5,21.5,22.937
2020-05-03 11:55:44.345778,21.5,21.5,22.937
2020-05-03 11:56:46.105746,21.5,21.5,22.937
2020-05-03 11:57:47.943657,21.5,21.5,22.937
2020-05-03 11:58:49.705629,21.5,21.5,22.937
2020-05-03 11:59:51.543197,21.5,21.5,22.937
2020-05-03 12:00:53.303203,21.5,21.5,22.937
2020-05-03 12:01:55.065514,21.5,21.5,22.937
2020-05-03 12:02:56.823155,21.5,21.5,22.937
2020-05-03 12:03:58.582368,21.5,21.5,22.937
2020-05-03 12:05:00.345617,21.5,21.5,22.937
2020-05-03 12:06:02.103169,21.5,21.5,22.937
2020-05-03 12:07:03.864036,21.5,21.5,22.937
2020-05-03 12:08:05.703235,21.5,21.5,22.937
2020-05-03 12:09:07.463161,21.5,21.5,22.937
2020-05-03 12:10:09.302371,21.5,21.5,22.937
2020-05-03 12:11:11.065466,21.5,21.5,22.937
2020-05-03 12:12:13.703167,21.5,21.5,22.937
2020-05-03 12:13:15.543210,21.5,21.5,22.937
2020-05-03 12:14:17.387561,21.5,21.5,22.937
2020-05-03 12:15:19.223183,21.5,21.5,22.937
2020-05-03 12:16:21.066608,21.5,21.5,22.937
2020-05-03 12:17:22.903131,21.437,21.437,22.937
2020-05-03 12:18:25.622335,21.5,21.437,22.937
2020-05-03 12:19:29.143209,21.5,21.437,22.937
2020-05-03 12:20:30.982360,21.437,21.437,22.937
2020-05-03 12:21:32.743166,21.437,21.437,22.937
2020-05-03 12:22:34.583168,21.437,21.437,22.937
2020-05-03 12:23:36.342351,21.437,21.437,22.937
2020-05-03 12:24:39.063206,21.437,21.437,22.937
2020-05-03 12:25:41.862386,21.437,21.437,22.937
2020-05-03 12:26:44.503206,21.437,21.437,22.937
2020-05-03 12:27:47.222365,21.437,21.437,22.937
2020-05-03 12:28:49.065554,21.437,21.437,22.937
2020-05-03 12:29:51.783167,21.437,21.437,22.937
2020-05-03 12:30:55.303199,21.437,21.437,22.937
2020-05-03 12:31:57.144024,21.437,21.437,22.937
2020-05-03 12:32:59.863226,21.437,21.437,22.937
2020-05-03 12:34:02.583176,21.437,21.437,22.937
2020-05-03 12:35:04.345822,21.437,21.437,22.937
2020-05-03 12:36:06.223803,21.437,21.437,22.937
2020-05-03 12:37:08.023204,21.437,21.437,22.937
2020-05-03 12:38:09.783160,21.437,21.437,22.937
2020-05-03 12:39:11.623195,21.437,21.437,22.937
2020-05-03 12:40:14.422370,21.437,21.437,22.937
2020-05-03 12:41:16.263199,21.437,21.437,22.937
2020-05-03 12:42:18.025802,21.437,21.437,22.937
2020-05-03 12:43:19.783765,21.437,21.437,22.937
2020-05-03 12:44:21.545775,21.437,21.437,22.937
2020-05-03 12:45:23.385563,21.437,21.437,22.937
2020-05-03 12:46:26.103204,21.437,21.437,22.937
2020-05-03 12:47:27.943205,21.437,21.437,22.937
2020-05-03 12:48:30.582368,21.437,21.437,22.937
2020-05-03 12:49:32.345585,21.437,21.437,22.937
2020-05-03 12:50:35.063188,21.437,21.437,22.937
2020-05-03 12:51:37.783173,21.437,21.437,22.937
2020-05-03 12:52:39.546988,21.437,21.437,22.937
2020-05-03 12:53:41.382366,21.375,21.375,22.937
2020-05-03 12:54:44.105835,21.437,21.375,22.937
2020-05-03 12:55:45.950860,21.375,21.375,22.937
2020-05-03 12:56:47.703206,21.375,21.375,22.937
2020-05-03 12:57:49.543162,21.375,21.375,22.937
2020-05-03 12:58:51.303169,21.375,21.375,22.937
2020-05-03 12:59:53.063183,21.375,21.375,22.937
2020-05-03 13:00:54.906250,21.375,21.375,22.937
2020-05-03 13:01:56.743165,21.375,21.375,22.937
2020-05-03 13:02:58.663138,21.375,21.375,22.937
2020-05-03 13:04:01.382401,21.375,21.375,22.937
2020-05-03 13:05:03.222400,21.375,21.375,22.937
2020-05-03 13:06:06.823166,21.437,21.375,22.937
2020-05-03 13:07:08.664095,21.375,21.375,22.937
2020-05-03 13:08:10.503176,21.375,21.375,22.937
2020-05-03 13:09:12.343213,21.375,21.375,22.937
2020-05-03 13:10:14.182366,21.375,21.375,22.937
2020-05-03 13:11:15.945278,21.375,21.375,22.937
2020-05-03 13:12:17.703169,21.375,21.375,22.937
2020-05-03 13:13:19.462412,21.375,21.375,22.937
2020-05-03 13:14:21.303244,21.375,21.375,22.937
2020-05-03 13:15:23.143205,21.375,21.375,22.937
2020-05-03 13:16:24.982402,21.375,21.375,22.937
2020-05-03 13:17:27.623168,21.375,21.375,22.937
2020-05-03 13:18:29.463152,21.375,21.375,22.937
2020-05-03 13:19:31.303159,21.375,21.375,22.937
2020-05-03 13:20:33.065540,21.375,21.375,22.937
2020-05-03 13:21:34.908531,21.375,21.375,22.937
2020-05-03 13:22:36.743230,21.375,21.375,22.937
2020-05-03 13:23:38.583133,21.375,21.375,22.937
2020-05-03 13:24:40.505544,21.375,21.375,22.937
2020-05-03 13:25:42.263148,21.375,21.375,22.937
2020-05-03 13:26:44.106149,21.375,21.375,22.937
2020-05-03 13:27:45.943141,21.375,21.375,22.937
2020-05-03 13:28:47.703193,21.375,21.375,22.937
2020-05-03 13:29:49.463127,21.375,21.375,22.937
2020-05-03 13:30:51.223178,21.375,21.375,22.937
2020-05-03 13:31:54.743213,21.375,21.375,22.937
2020-05-03 13:32:56.583163,21.375,21.375,22.937
2020-05-03 13:33:58.342353,21.375,21.375,22.937
2020-05-03 13:35:00.105701,21.375,21.375,22.937
2020-05-03 13:36:01.950970,21.375,21.375,22.937
2020-05-03 13:37:03.782360,21.375,21.375,22.937
2020-05-03 13:38:05.627784,21.375,21.375,22.937
2020-05-03 13:39:08.265529,21.375,21.375,22.937
2020-05-03 13:40:10.023151,21.375,21.375,22.937
2020-05-03 13:41:11.783168,21.375,21.375,22.937
2020-05-03 13:42:13.543173,21.375,21.375,22.937
2020-05-03 13:43:15.303184,21.375,21.375,22.937
2020-05-03 13:44:17.063277,21.312,21.312,22.937
2020-05-03 13:45:19.842477,21.375,21.312,22.937
2020-05-03 13:46:22.503166,21.375,21.312,22.937
2020-05-03 13:47:24.263144,21.375,21.312,22.937
2020-05-03 13:48:26.103262,21.375,21.312,22.937
2020-05-03 13:49:27.865799,21.375,21.312,22.937
2020-05-03 13:50:29.623175,21.375,21.312,22.937
2020-05-03 13:51:32.343148,21.375,21.312,22.937
2020-05-03 13:52:34.183126,21.375,21.312,22.937
2020-05-03 13:53:36.023145,21.375,21.312,22.937
2020-05-03 13:54:37.863149,21.312,21.312,22.937
2020-05-03 13:55:39.703208,21.312,21.312,22.937
2020-05-03 13:56:41.543172,21.312,21.312,22.937
2020-05-03 13:57:43.383314,21.312,21.312,22.937
2020-05-03 13:58:45.223171,21.312,21.312,22.937
2020-05-03 13:59:47.063158,21.312,21.312,22.937
2020-05-03 14:00:48.823166,21.312,21.312,22.937
2020-05-03 14:01:50.583135,21.312,21.312,22.937
2020-05-03 14:02:52.423165,21.312,21.312,22.937
2020-05-03 14:03:55.143121,21.312,21.312,22.937
2020-05-03 14:04:56.983296,21.312,21.312,22.937
2020-05-03 14:05:58.742332,21.312,21.312,22.937
2020-05-03 14:07:00.503178,21.312,21.312,22.937
2020-05-03 14:08:02.385554,21.312,21.312,22.937
2020-05-03 14:09:04.262381,21.312,21.312,22.937
2020-05-03 14:10:06.183163,21.312,21.312,22.937
2020-05-03 14:11:08.023121,21.312,21.312,22.937
2020-05-03 14:12:09.784184,21.312,21.312,22.937
2020-05-03 14:13:11.545889,21.312,21.312,22.937
2020-05-03 14:14:13.385472,21.312,21.312,22.937
2020-05-03 14:15:15.222370,21.312,21.312,22.937
2020-05-03 14:16:17.063249,21.312,21.312,22.937
2020-05-03 14:17:18.903117,21.312,21.312,22.937
2020-05-03 14:18:20.742349,21.312,21.312,22.937
2020-05-03 14:19:22.503142,21.312,21.312,22.937
2020-05-03 14:20:24.343222,21.312,21.312,22.937
2020-05-03 14:21:26.983162,21.312,21.312,22.937
2020-05-03 14:22:28.823155,21.312,21.312,22.937
2020-05-03 14:23:30.663196,21.312,21.312,22.937
2020-05-03 14:24:32.505774,21.312,21.312,22.937
2020-05-03 14:25:36.105119,21.375,21.312,22.937
2020-05-03 14:26:37.943139,21.375,21.312,22.937
2020-05-03 14:27:39.703168,21.375,21.312,22.937
2020-05-03 14:28:41.543175,21.375,21.312,22.937
2020-05-03 14:29:43.305863,21.375,21.312,22.937
2020-05-03 14:30:45.145501,21.375,21.312,22.937
2020-05-03 14:31:47.862428,21.375,21.312,22.937
2020-05-03 14:32:49.623142,21.375,21.312,22.937
2020-05-03 14:33:51.463124,21.375,21.312,22.937
2020-05-03 14:34:54.183181,21.375,21.312,22.937
2020-05-03 14:35:57.787780,21.375,21.312,22.937
2020-05-03 14:36:59.543161,21.375,21.312,22.937
2020-05-03 14:38:01.302370,21.375,21.312,22.937
2020-05-03 14:39:03.145564,21.375,21.312,22.937
2020-05-03 14:40:04.983163,21.375,21.312,22.937
2020-05-03 14:41:06.823216,21.375,21.312,22.937
2020-05-03 14:42:08.583208,21.375,21.312,22.937
2020-05-03 14:43:10.423153,21.375,21.312,22.937
2020-05-03 14:44:12.263209,21.375,21.312,22.937
2020-05-03 14:45:14.025788,21.375,21.312,22.937
2020-05-03 14:46:15.785473,21.375,21.312,22.937
2020-05-03 14:47:17.623169,21.437,21.312,22.937
2020-05-03 14:48:19.463179,21.437,21.312,22.937
2020-05-03 14:49:21.303123,21.437,21.312,22.937
2020-05-03 14:50:23.065676,21.437,21.312,22.937
2020-05-03 14:51:24.825841,21.437,21.312,22.937
2020-05-03 14:52:26.663454,21.437,21.312,22.937
2020-05-03 14:53:28.503122,21.437,21.312,22.937
2020-05-03 14:54:30.263164,21.437,21.312,22.937
2020-05-03 14:55:32.105775,21.437,21.312,22.937
2020-05-03 14:56:33.943174,21.437,21.312,22.937
2020-05-03 14:57:35.703920,21.437,21.312,22.937
2020-05-03 14:58:37.544047,21.437,21.312,22.937
2020-05-03 14:59:39.383164,21.437,21.312,22.937
2020-05-03 15:00:41.223146,21.437,21.312,22.937
2020-05-03 15:01:42.982381,21.437,21.312,22.937
2020-05-03 15:02:44.743208,21.437,21.312,22.937
2020-05-03 15:03:46.587047,21.437,21.312,22.937
2020-05-03 15:04:48.342401,21.437,21.312,22.937
2020-05-03 15:05:50.186190,21.437,21.312,22.937
2020-05-03 15:06:51.943324,21.437,21.312,22.937
2020-05-03 15:07:53.782372,21.437,21.312,22.937
2020-05-03 15:08:55.545526,21.437,21.312,22.937
2020-05-03 15:09:57.383205,21.5,21.312,22.937
2020-05-03 15:10:59.222609,21.5,21.312,22.937
2020-05-03 15:12:00.983186,21.5,21.312,22.937
2020-05-03 15:13:03.703168,21.5,21.312,22.937
2020-05-03 15:14:07.307727,21.5,21.312,22.937
2020-05-03 15:15:09.065562,21.5,21.312,22.937
2020-05-03 15:16:10.903221,21.5,21.312,22.937
2020-05-03 15:17:12.743190,21.5,21.312,22.937
2020-05-03 15:18:15.462321,21.5,21.312,22.937
2020-05-03 15:19:18.183170,21.5,21.312,22.937
2020-05-03 15:20:20.027755,21.5,21.312,22.937
2020-05-03 15:21:21.863104,21.5,21.312,22.937
2020-05-03 15:22:23.703208,21.5,21.312,22.937
2020-05-03 15:23:25.548037,21.5,21.312,22.937
2020-05-03 15:24:27.343127,21.5,21.312,22.937
2020-05-03 15:25:30.023212,21.5,21.312,22.937
2020-05-03 15:26:31.782371,21.5,21.312,22.937
2020-05-03 15:27:33.543187,21.562,21.312,22.937
2020-05-03 15:28:35.383345,21.5,21.312,22.937
2020-05-03 15:29:37.222367,21.562,21.312,22.937
2020-05-03 15:30:38.985470,21.562,21.312,22.937
2020-05-03 15:31:40.903162,21.562,21.312,22.937
2020-05-03 15:32:42.742366,21.562,21.312,22.937
2020-05-03 15:33:45.383167,21.562,21.312,22.937
2020-05-03 15:34:47.223156,21.562,21.312,22.937
2020-05-03 15:35:48.983213,21.562,21.312,22.937
2020-05-03 15:36:50.823120,21.562,21.312,22.937
2020-05-03 15:37:52.583226,21.562,21.312,22.937
2020-05-03 15:38:54.347888,21.562,21.312,22.937
2020-05-03 15:39:56.103159,21.562,21.312,22.937
2020-05-03 15:40:57.943276,21.562,21.312,22.937
2020-05-03 15:41:59.706038,21.562,21.312,22.937
2020-05-03 15:43:02.343150,21.562,21.312,22.937
2020-05-03 15:44:05.062599,21.625,21.312,22.937
2020-05-03 15:45:06.903236,21.562,21.312,22.937
2020-05-03 15:46:08.743622,21.562,21.312,22.937
2020-05-03 15:47:10.582365,21.625,21.312,22.937
2020-05-03 15:48:12.343153,21.625,21.312,22.937
2020-05-03 15:49:14.183127,21.625,21.312,22.937
2020-05-03 15:50:16.903174,21.625,21.312,22.937
2020-05-03 15:51:18.745844,21.625,21.312,22.937
2020-05-03 15:52:20.588851,21.625,21.312,22.937
2020-05-03 15:53:22.423214,21.625,21.312,22.937
2020-05-03 15:54:24.263094,21.625,21.312,22.937
2020-05-03 15:55:26.904206,21.625,21.312,22.937
2020-05-03 15:56:29.625632,21.625,21.312,22.937
2020-05-03 15:57:31.463141,21.625,21.312,22.937
2020-05-03 15:58:33.383166,21.625,21.312,22.937
2020-05-03 15:59:35.223202,21.625,21.312,22.937
2020-05-03 16:00:37.066402,21.625,21.312,22.937
2020-05-03 16:01:38.903150,21.625,21.312,22.937
2020-05-03 16:02:41.623193,21.625,21.312,22.937
2020-05-03 16:03:44.267815,21.687,21.312,22.937
2020-05-03 16:04:46.103197,21.625,21.312,22.937
2020-05-03 16:05:47.946992,21.687,21.312,22.937
2020-05-03 16:06:49.703159,21.687,21.312,22.937
2020-05-03 16:07:51.463171,21.687,21.312,22.937
2020-05-03 16:08:53.303146,21.687,21.312,22.937
2020-05-03 16:09:55.143190,21.687,21.312,22.937
2020-05-03 16:10:56.983176,21.687,21.312,22.937
2020-05-03 16:11:58.745790,21.687,21.312,22.937
2020-05-03 16:13:00.503208,21.687,21.312,22.937
2020-05-03 16:14:02.343179,21.687,21.312,22.937
2020-05-03 16:15:04.183184,21.687,21.312,22.937
2020-05-03 16:16:06.023194,21.687,21.312,22.937
2020-05-03 16:17:08.663179,21.687,21.312,22.937
2020-05-03 16:18:11.383485,21.687,21.312,22.937
2020-05-03 16:19:14.105783,21.687,21.312,22.937
2020-05-03 16:20:15.942395,21.687,21.312,22.937
2020-05-03 16:21:17.705439,21.687,21.312,22.937
2020-05-03 16:22:19.543141,21.687,21.312,22.937
2020-05-03 16:23:21.304196,21.687,21.312,22.937
2020-05-03 16:24:23.943216,21.687,21.312,22.937
2020-05-03 16:25:25.785526,21.687,21.312,22.937
2020-05-03 16:26:27.543191,21.687,21.312,22.937
2020-05-03 16:27:29.303140,21.687,21.312,22.937
2020-05-03 16:28:31.063201,21.75,21.312,22.937
2020-05-03 16:29:32.905473,21.687,21.312,22.937
2020-05-03 16:30:34.743173,21.687,21.312,22.937
2020-05-03 16:31:36.505710,21.687,21.312,22.937
2020-05-03 16:32:38.343200,21.687,21.312,22.937
2020-05-03 16:33:40.183188,21.687,21.312,22.937
2020-05-03 16:34:42.023219,21.687,21.312,22.937
2020-05-03 16:35:43.863113,21.687,21.312,22.937
2020-05-03 16:36:45.623208,21.687,21.312,22.937
2020-05-03 16:37:47.463125,21.75,21.312,22.937
2020-05-03 16:38:49.223167,21.687,21.312,22.937
2020-05-03 16:39:51.063169,21.75,21.312,22.937
2020-05-03 16:40:52.823147,21.687,21.312,22.937
2020-05-03 16:41:55.463139,21.75,21.312,22.937
2020-05-03 16:42:57.223220,21.75,21.312,22.937
2020-05-03 16:43:59.063138,21.75,21.312,22.937
2020-05-03 16:45:01.782380,21.75,21.312,22.937
2020-05-03 16:46:03.543152,21.75,21.312,22.937
2020-05-03 16:47:05.303966,21.75,21.312,22.937
2020-05-03 16:48:07.148730,21.75,21.312,22.937
2020-05-03 16:49:08.985572,21.75,21.312,22.937
2020-05-03 16:50:10.822397,21.75,21.312,22.937
2020-05-03 16:51:12.585585,21.75,21.312,22.937
2020-05-03 16:52:14.343214,21.75,21.312,22.937
2020-05-03 16:53:16.182361,21.75,21.312,22.937
2020-05-03 16:54:17.945529,21.812,21.312,22.937
2020-05-03 16:55:19.703217,21.812,21.312,22.937
2020-05-03 16:56:21.462372,21.812,21.312,22.937
2020-05-03 16:57:23.223157,21.812,21.312,22.937
2020-05-03 16:58:25.063179,21.812,21.312,22.937
2020-05-03 16:59:26.903216,21.812,21.312,22.937
2020-05-03 17:00:30.503127,21.812,21.312,22.937
2020-05-03 17:01:33.143168,21.812,21.312,22.937
2020-05-03 17:02:34.983224,21.812,21.312,22.937
2020-05-03 17:03:36.823151,21.812,21.312,22.937
2020-05-03 17:04:38.583215,21.812,21.312,22.937
2020-05-03 17:05:40.343235,21.812,21.312,22.937
2020-05-03 17:06:43.063230,21.812,21.312,22.937
2020-05-03 17:07:44.823160,21.812,21.312,22.937
2020-05-03 17:08:46.583191,21.812,21.312,22.937
2020-05-03 17:09:48.423196,21.812,21.312,22.937
2020-05-03 17:10:50.263233,21.75,21.312,22.937
2020-05-03 17:11:52.103182,21.75,21.312,22.937
2020-05-03 17:12:53.943206,21.75,21.312,22.937
2020-05-03 17:13:55.703217,21.75,21.312,22.937
2020-05-03 17:14:57.463177,21.75,21.312,22.937
2020-05-03 17:15:59.383153,21.75,21.312,22.937
2020-05-03 17:17:01.222343,21.75,21.312,22.937
2020-05-03 17:18:02.987887,21.75,21.312,22.937
2020-05-03 17:19:04.748229,21.75,21.312,22.937
2020-05-03 17:20:06.503142,21.75,21.312,22.937
2020-05-03 17:21:08.263111,21.75,21.312,22.937
2020-05-03 17:22:10.103255,21.75,21.312,22.937
2020-05-03 17:23:11.943242,21.75,21.312,22.937
2020-05-03 17:24:13.703166,21.75,21.312,22.937
2020-05-03 17:25:15.543170,21.75,21.312,22.937
2020-05-03 17:26:17.385782,21.75,21.312,22.937
2020-05-03 17:27:19.225631,21.75,21.312,22.937
2020-05-03 17:28:21.063198,21.75,21.312,22.937
2020-05-03 17:29:22.903159,21.75,21.312,22.937
2020-05-03 17:30:24.743162,21.75,21.312,22.937
2020-05-03 17:31:27.382449,21.75,21.312,22.937
2020-05-03 17:32:29.225505,21.75,21.312,22.937
2020-05-03 17:33:31.065537,21.75,21.312,22.937
2020-05-03 17:34:32.902369,21.75,21.312,22.937
2020-05-03 17:35:34.747781,21.75,21.312,22.937
2020-05-03 17:36:38.262359,21.75,21.312,22.937
2020-05-03 17:37:40.023121,21.75,21.312,22.937
2020-05-03 17:38:41.783207,21.75,21.312,22.937
2020-05-03 17:39:44.503232,21.75,21.312,22.937
2020-05-03 17:40:46.343227,21.75,21.312,22.937
2020-05-03 17:41:48.185853,21.75,21.312,22.937
2020-05-03 17:42:49.948668,21.75,21.312,22.937
2020-05-03 17:43:51.783209,21.75,21.312,22.937
2020-05-03 17:44:53.543164,21.75,21.312,22.937
2020-05-03 17:45:56.263248,21.75,21.312,22.937
2020-05-03 17:46:58.103132,21.75,21.312,22.937
2020-05-03 17:47:59.943196,21.75,21.312,22.937
2020-05-03 17:49:02.665460,21.75,21.312,22.937
2020-05-03 17:50:04.503142,21.75,21.312,22.937
2020-05-03 17:51:06.263180,21.75,21.312,22.937
2020-05-03 17:52:08.143197,21.75,21.312,22.937
2020-05-03 17:53:10.025527,21.75,21.312,22.937
2020-05-03 17:54:11.943223,21.75,21.312,22.937
2020-05-03 17:55:13.703179,21.75,21.312,22.937
2020-05-03 17:56:15.543201,21.75,21.312,22.937
2020-05-03 17:57:18.183123,21.75,21.312,22.937
2020-05-03 17:58:20.023249,21.75,21.312,22.937
2020-05-03 17:59:21.783225,21.75,21.312,22.937
2020-05-03 18:00:24.503214,21.75,21.312,22.937
2020-05-03 18:01:26.265721,21.75,21.312,22.937
2020-05-03 18:02:28.022376,21.75,21.312,22.937
2020-05-03 18:03:29.783193,21.75,21.312,22.937
2020-05-03 18:04:33.382390,21.75,21.312,22.937
2020-05-03 18:05:36.103160,21.75,21.312,22.937
2020-05-03 18:06:37.943238,21.687,21.312,22.937
2020-05-03 18:07:40.663131,21.687,21.312,22.937
2020-05-03 18:08:43.383207,21.687,21.312,22.937
2020-05-03 18:09:45.303163,21.687,21.312,22.937
2020-05-03 18:10:47.143165,21.687,21.312,22.937
2020-05-03 18:11:48.985944,21.687,21.312,22.937
2020-05-03 18:12:50.826084,21.687,21.312,22.937
2020-05-03 18:13:52.583192,21.687,21.312,22.937
2020-05-03 18:14:55.307065,21.687,21.312,22.937
2020-05-03 18:15:57.145731,21.687,21.312,22.937
2020-05-03 18:16:58.983156,21.687,21.312,22.937
2020-05-03 18:18:01.622361,21.687,21.312,22.937
2020-05-03 18:19:03.467394,21.687,21.312,22.937
2020-05-03 18:20:06.103196,21.687,21.312,22.937
2020-05-03 18:21:07.945720,21.687,21.312,22.937
2020-05-03 18:22:09.783158,21.687,21.312,22.937
2020-05-03 18:23:11.543178,21.687,21.312,22.937
2020-05-03 18:24:13.383196,21.687,21.312,22.937
2020-05-03 18:25:15.223135,21.687,21.312,22.937
2020-05-03 18:26:16.982413,21.687,21.312,22.937
2020-05-03 18:27:18.743214,21.687,21.312,22.937
2020-05-03 18:28:20.583236,21.687,21.312,22.937
2020-05-03 18:29:23.223164,21.687,21.312,22.937
2020-05-03 18:30:24.988383,21.687,21.312,22.937
2020-05-03 18:31:26.743180,21.687,21.312,22.937
2020-05-03 18:32:28.503155,21.687,21.312,22.937
2020-05-03 18:33:30.263460,21.687,21.312,22.937
2020-05-03 18:34:32.143156,21.687,21.312,22.937
2020-05-03 18:35:34.023176,21.75,21.312,22.937
2020-05-03 18:36:35.783208,21.687,21.312,22.937
2020-05-03 18:37:37.623157,21.687,21.312,22.937
2020-05-03 18:38:39.383168,21.687,21.312,22.937
2020-05-03 18:39:41.223180,21.687,21.312,22.937
2020-05-03 18:40:43.862396,21.75,21.312,22.937
2020-05-03 18:41:45.706970,21.687,21.312,22.937
2020-05-03 18:42:47.463121,21.687,21.312,22.937
2020-05-03 18:43:50.183154,21.687,21.312,22.937
2020-05-03 18:44:52.025708,21.75,21.312,22.937
2020-05-03 18:45:53.863134,21.75,21.312,22.937
2020-05-03 18:46:55.703225,21.75,21.312,22.937
2020-05-03 18:47:57.463166,21.75,21.312,22.937
2020-05-03 18:48:59.225538,21.75,21.312,22.937
2020-05-03 18:50:01.863176,21.75,21.312,22.937
2020-05-03 18:51:03.703236,21.75,21.312,22.937
2020-05-03 18:52:06.423187,21.75,21.312,22.937
2020-05-03 18:53:09.143120,21.75,21.312,22.937
2020-05-03 18:54:10.982375,21.687,21.312,22.937
2020-05-03 18:55:12.823170,21.687,21.312,22.937
2020-05-03 18:56:14.585788,21.687,21.312,22.937
2020-05-03 18:57:16.423208,21.687,21.312,22.937
2020-05-03 18:58:18.267063,21.687,21.312,22.937
2020-05-03 18:59:20.107633,21.687,21.312,22.937
2020-05-03 19:00:21.943221,21.687,21.312,22.937
2020-05-03 19:01:23.783233,21.75,21.312,22.937
2020-05-03 19:02:25.543197,21.75,21.312,22.937
2020-05-03 19:03:27.383215,21.75,21.312,22.937
2020-05-03 19:04:29.223164,21.75,21.312,22.937
2020-05-03 19:05:30.983200,21.75,21.312,22.937
2020-05-03 19:06:32.745467,21.75,21.312,22.937
2020-05-03 19:07:34.503144,21.687,21.312,22.937
2020-05-03 19:08:36.263153,21.687,21.312,22.937
2020-05-03 19:09:38.103134,21.687,21.312,22.937
2020-05-03 19:10:40.743267,21.687,21.312,22.937
2020-05-03 19:11:43.383214,21.687,21.312,22.937
2020-05-03 19:12:45.223146,21.687,21.312,22.937
2020-05-03 19:13:47.063157,21.687,21.312,22.937
2020-05-03 19:14:48.825663,21.687,21.312,22.937
2020-05-03 19:15:50.583160,21.687,21.312,22.937
2020-05-03 19:16:53.303234,21.687,21.312,22.937
2020-05-03 19:17:55.142372,21.687,21.312,22.937
2020-05-03 19:18:56.983157,21.687,21.312,22.937
2020-05-03 19:19:58.743149,21.687,21.312,22.937
2020-05-03 19:21:01.382357,21.687,21.312,22.937
2020-05-03 19:22:03.223171,21.687,21.312,22.937
2020-05-03 19:23:05.063473,21.687,21.312,22.937
2020-05-03 19:24:06.905534,21.687,21.312,22.937
2020-05-03 19:25:08.743169,21.687,21.312,22.937
2020-05-03 19:26:10.505514,21.687,21.312,22.937
2020-05-03 19:27:13.143228,21.687,21.312,22.937
2020-05-03 19:28:14.983170,21.687,21.312,22.937
2020-05-03 19:29:16.742397,21.625,21.312,22.937
2020-05-03 19:30:18.583167,21.625,21.312,22.937
2020-05-03 19:31:20.423206,21.625,21.312,22.937
2020-05-03 19:32:22.262361,21.625,21.312,22.937
2020-05-03 19:33:24.023213,21.625,21.312,22.937
2020-05-03 19:34:25.863145,21.625,21.312,22.937
2020-05-03 19:35:27.623171,21.687,21.312,22.937
2020-05-03 19:36:29.383182,21.687,21.312,22.937
2020-05-03 19:37:31.223186,21.687,21.312,22.937
2020-05-03 19:38:33.063179,21.75,21.312,22.937
2020-05-03 19:39:34.908024,21.75,21.312,22.937
2020-05-03 19:40:36.747202,21.687,21.312,22.937
2020-05-03 19:41:38.583172,21.75,21.312,22.937
2020-05-03 19:42:40.425573,21.75,21.312,22.937
2020-05-03 19:43:43.183192,21.75,21.312,22.937
2020-05-03 19:44:44.982350,21.75,21.312,22.937
2020-05-03 19:45:47.703197,21.75,21.312,22.937
2020-05-03 19:46:49.463157,21.75,21.312,22.937
2020-05-03 19:47:51.303204,21.75,21.312,22.937
2020-05-03 19:48:53.065537,21.75,21.312,22.937
2020-05-03 19:49:54.903210,21.75,21.312,22.937
2020-05-03 19:50:56.743174,21.75,21.312,22.937
2020-05-03 19:51:58.583207,21.75,21.312,22.937
2020-05-03 19:53:00.343178,21.75,21.312,22.937
2020-05-03 19:54:02.183157,21.75,21.312,22.937
2020-05-03 19:55:04.903177,21.75,21.312,22.937
2020-05-03 19:56:06.744322,21.75,21.312,22.937
2020-05-03 19:57:08.583231,21.75,21.312,22.937
2020-05-03 19:58:10.425858,21.75,21.312,22.937
2020-05-03 19:59:12.266121,21.75,21.312,22.937
2020-05-03 20:00:14.983154,21.75,21.312,22.937
2020-05-03 20:01:16.743170,21.687,21.312,22.937
2020-05-03 20:02:18.583198,21.687,21.312,22.937
2020-05-03 20:03:20.343161,21.687,21.312,22.937
2020-05-03 20:04:22.183155,21.687,21.312,22.937
2020-05-03 20:05:24.023153,21.687,21.312,22.937
2020-05-03 20:06:26.743168,21.687,21.312,22.937
2020-05-03 20:07:28.582952,21.687,21.312,22.937
2020-05-03 20:08:30.343200,21.687,21.312,22.937
2020-05-03 20:09:33.063195,21.687,21.312,22.937
2020-05-03 20:10:34.983253,21.687,21.312,22.937
2020-05-03 20:11:36.743157,21.687,21.312,22.937
2020-05-03 20:12:38.583238,21.687,21.312,22.937
2020-05-03 20:13:40.423162,21.625,21.312,22.937
2020-05-03 20:14:42.267684,21.625,21.312,22.937
2020-05-03 20:15:44.103146,21.625,21.312,22.937
2020-05-03 20:16:45.943144,21.625,21.312,22.937
2020-05-03 20:17:47.783124,21.625,21.312,22.937
2020-05-03 20:18:49.623118,21.625,21.312,22.937
2020-05-03 20:19:52.343168,21.625,21.312,22.937
2020-05-03 20:20:54.185703,21.625,21.312,22.937
2020-05-03 20:21:57.703209,21.625,21.312,22.937
2020-05-03 20:23:00.423119,21.625,21.312,22.937
2020-05-03 20:24:02.263176,21.625,21.312,22.937
2020-05-03 20:25:04.023191,21.625,21.312,22.937
2020-05-03 20:26:06.822360,21.687,21.312,22.937
2020-05-03 20:27:08.583264,21.687,21.312,22.937
2020-05-03 20:28:10.343238,21.687,21.312,22.937
2020-05-03 20:29:12.102407,21.687,21.312,22.937
2020-05-03 20:30:14.823175,21.687,21.312,22.937
2020-05-03 20:31:16.583211,21.687,21.312,22.937
2020-05-03 20:32:18.423191,21.687,21.312,22.937
2020-05-03 20:33:21.143122,21.687,21.312,22.937
2020-05-03 20:34:22.982344,21.687,21.312,22.937
2020-05-03 20:35:24.823115,21.687,21.312,22.937
2020-05-03 20:36:26.583169,21.687,21.312,22.937
2020-05-03 20:37:28.422399,21.75,21.312,22.937
2020-05-03 20:38:30.265697,21.687,21.312,22.937
2020-05-03 20:39:32.103166,21.687,21.312,22.937
2020-05-03 20:40:33.942362,21.75,21.312,22.937
2020-05-03 20:41:36.665879,21.75,21.312,22.937
2020-05-03 20:42:38.503124,21.687,21.312,22.937
2020-05-03 20:43:40.263171,21.75,21.312,22.937
2020-05-03 20:44:42.025471,21.75,21.312,22.937
2020-05-03 20:45:44.742373,21.75,21.312,22.937
2020-05-03 20:46:46.583147,21.75,21.312,22.937
2020-05-03 20:47:49.225691,21.75,21.312,22.937
2020-05-03 20:48:51.063152,21.75,21.312,22.937
2020-05-03 20:49:53.783158,21.75,21.312,22.937
2020-05-03 20:50:55.624195,21.75,21.312,22.937
2020-05-03 20:51:57.463096,21.75,21.312,22.937
2020-05-03 20:52:59.223165,21.75,21.312,22.937
2020-05-03 20:54:00.982369,21.75,21.312,22.937
2020-05-03 20:55:02.745477,21.75,21.312,22.937
2020-05-03 20:56:04.589971,21.75,21.312,22.937
2020-05-03 20:57:06.422364,21.75,21.312,22.937
2020-05-03 20:58:08.343162,21.75,21.312,22.937
2020-05-03 20:59:10.103164,21.75,21.312,22.937
2020-05-03 21:00:11.942371,21.812,21.312,22.937
2020-05-03 21:01:13.783176,21.812,21.312,22.937
2020-05-03 21:02:16.423191,21.812,21.312,22.937
2020-05-03 21:03:18.263164,21.812,21.312,22.937
2020-05-03 21:04:20.023181,21.812,21.312,22.937
2020-05-03 21:05:21.863186,21.812,21.312,22.937
2020-05-03 21:06:24.588150,21.812,21.312,22.937
2020-05-03 21:07:26.423176,21.812,21.312,22.937
2020-05-03 21:08:29.143267,21.812,21.312,22.937
2020-05-03 21:09:30.983197,21.812,21.312,22.937
2020-05-03 21:10:32.743216,21.812,21.312,22.937
2020-05-03 21:11:34.587691,21.875,21.312,22.937
2020-05-03 21:12:36.423140,21.812,21.312,22.937
2020-05-03 21:13:40.023194,21.875,21.312,22.937
2020-05-03 21:14:41.863167,21.875,21.312,22.937
2020-05-03 21:15:43.705818,21.875,21.312,22.937
2020-05-03 21:16:45.545506,21.875,21.312,22.937
2020-05-03 21:17:47.303131,21.875,21.312,22.937
2020-05-03 21:18:49.063179,21.875,21.312,22.937
2020-05-03 21:19:53.543169,21.875,21.312,22.937
2020-05-03 21:20:55.303190,21.875,21.312,22.937
2020-05-03 21:21:57.147237,21.875,21.312,22.937
2020-05-03 21:22:58.983164,21.875,21.312,22.937
2020-05-03 21:24:00.823266,21.875,21.312,22.937
2020-05-03 21:25:02.663167,21.875,21.312,22.937
2020-05-03 21:26:04.505733,21.875,21.312,22.937
2020-05-03 21:27:06.263218,21.875,21.312,22.937
2020-05-03 21:28:08.105754,21.875,21.312,22.937
2020-05-03 21:29:09.943165,21.875,21.312,22.937
2020-05-03 21:30:13.463170,21.875,21.312,22.937
2020-05-03 21:31:15.303200,21.875,21.312,22.937
2020-05-03 21:32:17.142406,21.937,21.312,22.937
2020-05-03 21:33:18.985530,21.937,21.312,22.937
2020-05-03 21:34:21.623193,21.937,21.312,22.937
2020-05-03 21:35:23.463180,21.937,21.312,22.937
2020-05-03 21:36:26.183174,21.937,21.312,22.937
2020-05-03 21:37:28.022370,21.937,21.312,22.937
2020-05-03 21:38:29.783117,21.937,21.312,22.937
2020-05-03 21:39:32.423166,21.937,21.312,22.937
2020-05-03 21:40:34.265522,21.937,21.312,22.937
2020-05-03 21:41:36.903174,21.937,21.312,22.937
2020-05-03 21:42:38.743180,21.937,21.312,22.937
2020-05-03 21:43:40.503205,21.937,21.312,22.937
2020-05-03 21:44:43.223213,21.937,21.312,22.937
2020-05-03 21:45:46.743118,22.0,21.312,22.937
2020-05-03 21:46:48.503151,21.937,21.312,22.937
2020-05-03 21:47:50.342379,21.937,21.312,22.937
2020-05-03 21:48:53.063151,22.0,21.312,22.937
2020-05-03 21:49:54.823141,22.0,21.312,22.937
2020-05-03 21:50:56.663218,22.0,21.312,22.937
2020-05-03 21:51:58.503194,22.0,21.312,22.937
2020-05-03 21:53:00.345572,22.0,21.312,22.937
2020-05-03 21:54:02.183208,22.0,21.312,22.937
2020-05-03 21:55:03.943211,22.0,21.312,22.937
2020-05-03 21:56:05.703219,22.0,21.312,22.937
2020-05-03 21:57:07.467535,22.0,21.312,22.937
2020-05-03 21:58:09.227086,22.0,21.312,22.937
2020-05-03 21:59:10.983212,22.0,21.312,22.937
2020-05-03 22:00:12.823136,22.0,21.312,22.937
2020-05-03 22:01:14.663165,22.0,21.312,22.937
2020-05-03 22:02:16.505599,22.0,21.312,22.937
2020-05-03 22:03:18.423167,22.062,21.312,22.937
2020-05-03 22:04:20.263216,22.062,21.312,22.937
2020-05-03 22:05:22.025654,22.062,21.312,22.937
2020-05-03 22:06:23.865838,22.062,21.312,22.937
2020-05-03 22:07:25.703170,22.062,21.312,22.937
2020-05-03 22:08:27.463165,22.062,21.312,22.937
2020-05-03 22:09:30.103654,22.062,21.312,22.937
2020-05-03 22:10:31.865765,22.062,21.312,22.937
2020-05-03 22:11:33.702427,22.062,21.312,22.937
2020-05-03 22:12:35.548397,22.062,21.312,22.937
2020-05-03 22:13:37.383126,22.062,21.312,22.937
2020-05-03 22:14:40.103127,22.062,21.312,22.937
2020-05-03 22:15:42.823208,22.062,21.312,22.937
2020-05-03 22:16:44.662370,22.062,21.312,22.937
2020-05-03 22:17:46.503165,22.125,21.312,22.937
2020-05-03 22:18:48.343192,22.125,21.312,22.937
2020-05-03 22:19:50.103951,22.125,21.312,22.937
2020-05-03 22:20:51.943209,22.125,21.312,22.937
2020-05-03 22:21:53.703189,22.125,21.312,22.937
2020-05-03 22:22:55.543231,22.125,21.312,22.937
2020-05-03 22:23:57.385474,22.125,21.312,22.937
2020-05-03 22:24:59.225885,22.125,21.312,22.937
2020-05-03 22:26:01.063201,22.125,21.312,22.937
2020-05-03 22:27:02.903202,22.187,21.312,22.937
2020-05-03 22:28:04.743169,22.187,21.312,22.937
2020-05-03 22:29:06.583201,22.187,21.312,22.937
2020-05-03 22:30:09.305845,22.187,21.312,22.937
2020-05-03 22:31:11.065732,22.187,21.312,22.937
2020-05-03 22:32:12.823162,22.187,21.312,22.937
2020-05-03 22:33:15.543144,22.187,21.312,22.937
2020-05-03 22:34:17.308507,22.187,21.312,22.937
2020-05-03 22:35:19.146947,22.187,21.312,22.937
2020-05-03 22:36:21.863174,22.25,21.312,22.937
2020-05-03 22:37:23.625230,22.187,21.312,22.937
2020-05-03 22:38:25.383155,22.25,21.312,22.937
2020-05-03 22:39:27.225520,22.25,21.312,22.937
2020-05-03 22:40:29.062393,22.25,21.312,22.937
2020-05-03 22:41:30.903173,22.25,21.312,22.937
2020-05-03 22:42:32.743207,22.25,21.312,22.937
2020-05-03 22:43:34.582374,22.25,21.312,22.937
2020-05-03 22:44:37.303229,22.25,21.312,22.937
2020-05-03 22:45:39.143187,22.25,21.312,22.937
2020-05-03 22:46:42.743199,22.25,21.312,22.937
2020-05-03 22:47:44.503194,22.25,21.312,22.937
2020-05-03 22:48:46.343155,22.25,21.312,22.937
2020-05-03 22:49:48.185709,22.25,21.312,22.937
2020-05-03 22:50:49.945536,22.25,21.312,22.937
2020-05-03 22:51:51.783190,22.25,21.312,22.937
2020-05-03 22:52:53.623192,22.25,21.312,22.937
2020-05-03 22:53:57.143211,22.312,21.312,22.937
2020-05-03 22:54:59.023169,22.312,21.312,22.937
2020-05-03 22:56:00.823227,22.312,21.312,22.937
2020-05-03 22:57:02.585694,22.312,21.312,22.937
2020-05-03 22:58:04.427924,22.312,21.312,22.937
2020-05-03 22:59:06.263177,22.312,21.312,22.937
2020-05-03 23:00:08.986387,22.312,21.312,22.937
2020-05-03 23:01:10.745598,22.312,21.312,22.937
2020-05-03 23:02:12.504374,22.312,21.312,22.937
2020-05-03 23:03:14.263203,22.312,21.312,22.937
2020-05-03 23:04:16.105713,22.312,21.312,22.937
2020-05-03 23:05:17.942367,22.312,21.312,22.937
2020-05-03 23:06:19.703152,22.312,21.312,22.937
2020-05-03 23:07:21.543196,22.312,21.312,22.937
2020-05-03 23:08:23.302368,22.312,21.312,22.937
2020-05-03 23:09:25.143158,22.312,21.312,22.937
2020-05-03 23:10:26.983201,22.312,21.312,22.937
2020-05-03 23:11:30.585689,22.312,21.312,22.937
2020-05-03 23:12:32.423204,22.312,21.312,22.937
2020-05-03 23:13:34.262353,22.312,21.312,22.937
2020-05-03 23:14:36.023249,22.312,21.312,22.937
2020-05-03 23:15:37.783161,22.312,21.312,22.937
2020-05-03 23:16:39.542366,22.312,21.312,22.937
2020-05-03 23:17:41.383161,22.312,21.312,22.937
2020-05-03 23:18:43.223163,22.312,21.312,22.937
2020-05-03 23:19:45.062367,22.312,21.312,22.937
2020-05-03 23:20:46.903132,22.312,21.312,22.937
2020-05-03 23:21:48.743181,22.312,21.312,22.937
2020-05-03 23:22:50.503258,22.312,21.312,22.937
2020-05-03 23:23:52.343200,22.312,21.312,22.937
2020-05-03 23:24:54.983151,22.312,21.312,22.937
2020-05-03 23:25:57.703139,22.312,21.312,22.937
2020-05-03 23:26:59.543171,22.312,21.312,22.937
2020-05-03 23:28:01.302401,22.312,21.312,22.937
2020-05-03 23:29:04.023164,22.312,21.312,22.937
2020-05-03 23:30:05.863201,22.312,21.312,22.937
2020-05-03 23:31:07.625578,22.312,21.312,22.937
2020-05-03 23:32:09.463178,22.312,21.312,22.937
2020-05-03 23:33:11.303217,22.312,21.312,22.937
2020-05-03 23:34:13.143156,22.312,21.312,22.937
2020-05-03 23:35:14.983202,22.312,21.312,22.937
2020-05-03 23:36:16.823198,22.312,21.312,22.937
2020-05-03 23:37:18.663226,22.312,21.312,22.937
2020-05-03 23:38:20.503111,22.312,21.312,22.937
2020-05-03 23:39:22.343204,22.312,21.312,22.937
2020-05-03 23:40:24.183266,22.312,21.312,22.937
2020-05-03 23:41:26.023170,22.312,21.312,22.937
2020-05-03 23:42:28.743224,22.312,21.312,22.937
2020-05-03 23:43:30.503129,22.312,21.312,22.937
2020-05-03 23:44:32.343178,22.312,21.312,22.937
2020-05-03 23:45:35.063178,22.312,21.312,22.937
2020-05-03 23:46:36.903194,22.312,21.312,22.937
2020-05-03 23:47:38.747612,22.312,21.312,22.937
2020-05-03 23:48:40.583154,22.312,21.312,22.937
2020-05-03 23:49:42.423162,22.25,21.312,22.937
2020-05-03 23:50:44.263204,22.312,21.312,22.937
2020-05-03 23:51:46.023217,22.25,21.312,22.937
2020-05-03 23:52:47.783142,22.25,21.312,22.937
2020-05-03 23:53:49.623212,22.25,21.312,22.937
2020-05-03 23:54:51.462345,22.25,21.312,22.937
2020-05-03 23:55:53.303157,22.25,21.312,22.937
2020-05-03 23:56:55.143279,22.25,21.312,22.937
2020-05-03 23:57:56.982377,22.25,21.312,22.937
2020-05-03 23:58:58.743211,22.25,21.312,22.937
